old_id,item_name,old_group,proposed_node_id,proposed_node_name,confidence,reason
"1","دقيق ابيض","المواد الأساسية","14","دقيق وسكر","high","دقيق أبيض هو دقيق أساسي؛ يطابق دقيق وسكر."
"3","سكر","المواد الأساسية","14","دقيق وسكر","high","سكر مكوّن أساسي ويطابق دقيق وسكر."
"4","زبدة ودهون","الحليب ومشتقاته","15","زيوت ودهون","high","دهون وزبدة تصنّف ضمن الزيوت والدهون."
"6","سمن","الحليب ومشتقاته","15","زيوت ودهون","medium","السمن دهون؛ البديل المحتمل 16 إن كان السمن مصنفاً لدى المورد ضمن الألبان."
"7","حليب ومشتقاته","الحليب ومشتقاته","16","بيض وألبان","high","الحليب ومنتجاته تطابق بيض وألبان."
"8","أجبان","الأجبان","16","بيض وألبان","medium","الجبن من الألبان؛ البديل 18 إذا أريد عرضه كإضافة غذائية لا كمنتج ألبان."
"9","زبادي وقشطة","الحليب ومشتقاته","16","بيض وألبان","high","الزبادي والقشطة من الألبان."
"10","كريمة","الحليب ومشتقاته","4","كريمة وتزيين","low","كريمة عامة قد تعني منتج ألبان أو كريمة تزيين؛ البديل: 16 للألبان."
"11","شوكولاتة وكاكاو","الشوكولاتة والكاكاو","18","مكسرات وإضافات","medium","الشوكولاتة والكاكاو إضافات خبز؛ البديل 17 إذا كانت منتجات النكهة المقصودة."
"13","جيلاتين بودر","مستلزمات الكيك والحلويات","18","مكسرات وإضافات","low","الجيلاتين مكوّن/إضافة؛ البديل 17 إذا أريد جمعه مع المواد الرافعة والنكهات."
"17","عسل ومحليات","مستلزمات الكيك والحلويات","14","دقيق وسكر","medium","العسل والمحليات بدائل للسكر؛ البديل 18 إذا عوملت كمكوّنات إضافية."
"19","خمائر ومحسنات","الخمائر والمحسنات","17","مواد رافعة ونكهات","high","الخمائر ومحسنات الخبز تطابق المواد الرافعة والنكهات."
"20","نكهات وألوان","النكهات والألوان","17","مواد رافعة ونكهات","high","النكهات والألوان تطابق مواد رافعة ونكهات."
"21","فانيليا ومستخلصات","النكهات والألوان","17","مواد رافعة ونكهات","high","الفانيليا والمستخلصات من النكهات."
"22","عجين سمبوسة","العجائن والمخبوزات","13","المواد الأولية","low","عجين السمبوسة منتج عجين لا توجد له فئة مباشرة؛ البدائل: 18 لإضافات الطعام، 1 لمستلزمات الكيك العامة."
"23","عجين بيتزا","العجائن والمخبوزات","13","المواد الأولية","low","عجين البيتزا منتج جاهز/نصف جاهز ولا توجد فئة عجائن؛ البدائل: 18 للإضافات، 1 للمستلزمات العامة."
"24","خبز رقاق","العجائن والمخبوزات","13","المواد الأولية","low","خبز الرقاق منتج مخبوز وليس مادة أولية صريحة؛ البدائل: 18 للإضافات، 1 للمستلزمات العامة."
"26","مفرزنات - معجنات","العجائن والمخبوزات","18","مكسرات وإضافات","low","المعجنات المجمدة منتجات جاهزة ولا يوجد قسم للمخبوزات الجاهزة؛ البدائل: 1 للمستلزمات العامة، 13 للمواد الأولية."
"27","علب وتغليف","التغليف والعلب","7","مستلزمات التغليف","medium","تعبير عام عن العلب والتغليف؛ البديل 8 إذا كان المقصود علب الكيك فقط."
"28","أكياس مطبوعة","التغليف والعلب","9","أكياس التغليف","high","الأكياس المطبوعة مواد تغليف من نوع الأكياس."
"29","كراتين مطبوعة","التغليف والعلب","7","مستلزمات التغليف","high","الكراتين المطبوعة تغليف عام ولا يحدد الاسم أنها علب كيك."
"30","أدوات تزيين","مستلزمات الكيك والحلويات","4","كريمة وتزيين","high","أدوات التزيين تطابق كريمة وتزيين."
"31","معدات وأفران","المعدات والأدوات","19","معدات المخابز","medium","المعدات والأفران عامة؛ البديل 22 إذا كان المقصود الأفران تحديداً."
"32","أدوات صغيرة","المعدات والأدوات","19","معدات المخابز","medium","الأدوات الصغيرة تتبع معدات المخابز دون تحديد وظيفة أضيق."
"34","حشوة توت","مستلزمات الكيك والحلويات","2","حشوات الكيك","high","حشوة التوت تطابق حشوات الكيك."
"35","حشوة فراولة","مستلزمات الكيك والحلويات","2","حشوات الكيك","high","حشوة الفراولة تطابق حشوات الكيك."
"36","حشوة كريمة لوتس","مستلزمات الكيك والحلويات","2","حشوات الكيك","high","حشوة كريمة لوتس تطابق حشوات الكيك."
"37","حشوة كريمة فستق","مستلزمات الكيك والحلويات","2","حشوات الكيك","high","حشوة كريمة الفستق تطابق حشوات الكيك."
"38","حشوة كريمة نوتيلا","مستلزمات الكيك والحلويات","2","حشوات الكيك","high","حشوة كريمة نوتيلا تطابق حشوات الكيك."
"39","حشوة شوكولاتة","مستلزمات الكيك والحلويات","2","حشوات الكيك","high","حشوة الشوكولاتة تطابق حشوات الكيك."
"40","حشوة كراميل","مستلزمات الكيك والحلويات","2","حشوات الكيك","high","حشوة الكراميل تطابق حشوات الكيك."
"41","حشوة مانجو","مستلزمات الكيك والحلويات","2","حشوات الكيك","high","حشوة المانجو تطابق حشوات الكيك."
"42","حشوة ليمون","مستلزمات الكيك والحلويات","2","حشوات الكيك","high","حشوة الليمون تطابق حشوات الكيك."
"43","حشوة تفاح","مستلزمات الكيك والحلويات","2","حشوات الكيك","high","حشوة التفاح تطابق حشوات الكيك."
"44","سميد","المكسرات والبذور","14","دقيق وسكر","medium","السميد حبوب مطحونة ملائمة للدقيق؛ البديل 18 إذا صنف كإضافة."
"45","برغل","المكسرات والبذور","14","دقيق وسكر","low","البرغل حبوب لكنه ليس مكوّناً شائعاً للدقيق/الكيك؛ البديل 18 للإضافات."
"46","نخالة","المواد الأساسية","14","دقيق وسكر","high","النخالة من الحبوب/الدقيق."
"47","سكر بودرة","النكهات والألوان","14","دقيق وسكر","high","سكر البودرة يطابق دقيق وسكر، لا النكهات."
"49","زبدة","الحليب ومشتقاته","15","زيوت ودهون","high","الزبدة من الدهون."
"50","سمن نباتي","مستلزمات الكيك والحلويات","15","زيوت ودهون","high","السمن النباتي من الزيوت والدهون."
"51","سمن حيواني","الحليب ومشتقاته","15","زيوت ودهون","high","السمن الحيواني من الدهون."
"52","زيت","مستلزمات الكيك والحلويات","15","زيوت ودهون","high","الزيت من الزيوت والدهون."
"53","زيت زيتون","مستلزمات الكيك والحلويات","15","زيوت ودهون","high","زيت الزيتون من الزيوت والدهون."
"54","شورتنج","مستلزمات الكيك والحلويات","15","زيوت ودهون","high","الشورتنج دهون مستخدمة في الخَبز."
"55","حليب بودرة","الحليب ومشتقاته","16","بيض وألبان","high","الحليب المجفف من منتجات الألبان."
"56","حليب مكثف","الحليب ومشتقاته","16","بيض وألبان","high","الحليب المكثف من منتجات الألبان."
"57","حليب طازج","الحليب ومشتقاته","16","بيض وألبان","high","الحليب الطازج من منتجات الألبان."
"60","كريمة طبخ","الحليب ومشتقاته","16","بيض وألبان","high","كريمة الطبخ من الألبان."
"61","لبنة","الحليب ومشتقاته","16","بيض وألبان","high","اللبنة من الألبان."
"62","زبادي","الحليب ومشتقاته","16","بيض وألبان","high","الزبادي من الألبان."
"63","جبن كيري","الأجبان","16","بيض وألبان","high","جبن كيري من الألبان."
"64","جبن موزاريلا","الأجبان","16","بيض وألبان","high","جبن الموزاريلا من الألبان."
"65","جبن شيدر","الأجبان","16","بيض وألبان","high","جبن الشيدر من الألبان."
"66","جبن فيتا","الأجبان","16","بيض وألبان","high","جبن الفيتا من الألبان."
"67","جبن حلومي","الأجبان","16","بيض وألبان","high","جبن الحلوم من الألبان."
"68","جبن عكاوي","الأجبان","16","بيض وألبان","high","جبن العكاوي من الألبان."
"69","جبن رومي","الأجبان","16","بيض وألبان","high","الجبن الرومي من الألبان."
"71","جبن سائل","الأجبان","16","بيض وألبان","high","الجبن السائل من الألبان."
"72","شوكولاتة بلوك","الشوكولاتة والكاكاو","18","مكسرات وإضافات","high","الشوكولاتة الصلبة إضافة ومكوّن خبز."
"74","شوكولاتة بودرة","الشوكولاتة والكاكاو","18","مكسرات وإضافات","high","مسحوق الشوكولاتة إضافة/مكوّن خبز."
"76","زبدة كاكاو","الشوكولاتة والكاكاو","18","مكسرات وإضافات","high","زبدة الكاكاو إضافة خبز؛ ليست زبدة ألبان."
"78","صوص شوكولاتة","الشوكولاتة والكاكاو","18","مكسرات وإضافات","low","صوص الشوكولاتة قد يكون إضافة غذائية أو مستلزم تزيين؛ البديل 4 للتزيين."
"79","خليط كيك اسفنجى فانيليا","مستلزمات الكيك والحلويات","3","خلطات الكيك","high","خليط كيك إسفنجي جاهز يطابق خلطات الكيك."
"80","خليط مافن فانيليا","مستلزمات الكيك والحلويات","3","خلطات الكيك","high","خليط المافن الجاهز يطابق خلطات الكيك."
"81","خليط براوني","مستلزمات الكيك والحلويات","3","خلطات الكيك","high","خليط البراوني يطابق خلطات الكيك."
"82","خليط دونات","مستلزمات الكيك والحلويات","3","خلطات الكيك","high","خليط الدونات يطابق خلطات الكيك."
"83","كاستر بودر","مستلزمات الكيك والحلويات","18","مكسرات وإضافات","low","مسحوق الكاسترد مكوّن/إضافة متعددة الاستخدام؛ البدائل: 17 لمساحيق النكهة، 3 إن كان خليطاً جاهزاً."
"84","جيلاتين","مستلزمات الكيك والحلويات","18","مكسرات وإضافات","medium","الجيلاتين مكوّن إضافي؛ البديل 17 لمواد الرفع/النكهات."
"85","جيلي","مستلزمات الكيك والحلويات","18","مكسرات وإضافات","medium","الجيلي مكوّن/إضافة؛ البديل 2 إذا كان المقصود حشوات الجيلي للكيك."
"86","نشا","مستلزمات الكيك والحلويات","14","دقيق وسكر","medium","النشا من مكونات الدقيق/المواد الأساسية؛ البديل 18 للإضافات."
"87","بيكنج بودر","الخمائر والمحسنات","17","مواد رافعة ونكهات","high","مسحوق الخَبز مادة رافعة."
"88","كريمة لوتس","مستلزمات الكيك والحلويات","4","كريمة وتزيين","high","كريمة لوتس صالحة للتزيين؛ طابقتها الأقرب كريمة وتزيين."
"89","كريمة فستق","مستلزمات الكيك والحلويات","4","كريمة وتزيين","high","كريمة الفستق من مستلزمات الكريمة والتزيين."
"90","كريمة نوتيلا","مستلزمات الكيك والحلويات","4","كريمة وتزيين","high","كريمة نوتيلا من مستلزمات الكريمة والتزيين."
"91","توفي كراميل","مستلزمات الكيك والحلويات","2","حشوات الكيك","high","توفي الكراميل يستخدم كحشوة/نكهة داخل الكيك."
"92","مربى مشمش","مستلزمات الكيك والحلويات","2","حشوات الكيك","high","مربى المشمش يناسب حشوات الكيك."
"93","عسل","مستلزمات الكيك والحلويات","14","دقيق وسكر","medium","العسل مُحلٍ؛ البديل 18 إذا صنف كإضافة."
"94","دبس تمر","مستلزمات الكيك والحلويات","18","مكسرات وإضافات","medium","دبس التمر إضافة/مُحلٍ؛ البديل 14 لمجموعة السكريات."
"95","دبس رمان","مستلزمات الكيك والحلويات","18","مكسرات وإضافات","medium","دبس الرمان صوص/إضافة؛ البديل 17 للنكهات أو 13 للمواد الأولية."
"96","لوز","المكسرات والبذور","18","مكسرات وإضافات","high","اللوز من المكسرات والإضافات."
"97","كاجو","المكسرات والبذور","18","مكسرات وإضافات","high","الكاجو من المكسرات والإضافات."
"98","فستق","المكسرات والبذور","18","مكسرات وإضافات","high","الفستق من المكسرات والإضافات."
"99","بندق","المكسرات والبذور","18","مكسرات وإضافات","high","البندق من المكسرات والإضافات."
"100","جوز","المكسرات والبذور","18","مكسرات وإضافات","high","الجوز من المكسرات والإضافات."
"101","بيكان","المكسرات والبذور","18","مكسرات وإضافات","high","البيكان من المكسرات والإضافات."
"102","فول سوداني","المكسرات والبذور","18","مكسرات وإضافات","high","الفول السوداني من المكسرات والإضافات."
"103","سمسم","المكسرات والبذور","18","مكسرات وإضافات","high","السمسم من البذور والإضافات."
"104","حبة البركة","المكسرات والبذور","18","مكسرات وإضافات","high","حبة البركة من البذور والإضافات."
"105","جوز الهند","المكسرات والبذور","18","مكسرات وإضافات","high","جوز الهند إضافة غذائية/خبز."
"106","خميرة","الخمائر والمحسنات","17","مواد رافعة ونكهات","high","الخميرة مادة رافعة."
"107","محسن خبز","الخمائر والمحسنات","17","مواد رافعة ونكهات","high","محسن الخبز من مواد تحسين/رفع الخَبز."
"108","محسن كيك","الخمائر والمحسنات","17","مواد رافعة ونكهات","high","محسن الكيك من مواد الرفع والتحسين."
"109","بيكنج صودا","الخمائر والمحسنات","17","مواد رافعة ونكهات","high","بيكنج الصودا مادة رافعة."
"110","مانع عفن","الخمائر والمحسنات","17","مواد رافعة ونكهات","high","مانع العفن مادة مضافة مرتبطة بتحسين/حفظ منتجات الخَبز."
"111","فانيليا","النكهات والألوان","17","مواد رافعة ونكهات","high","الفانيليا من النكهات."
"112","نكهات","النكهات والألوان","17","مواد رافعة ونكهات","high","النكهات تطابق مواد رافعة ونكهات."
"113","ألوان طعام","النكهات والألوان","17","مواد رافعة ونكهات","high","ألوان الطعام مكوّن نكهة/تزيين غذائي؛ الأقرب هذه الفئة."
"114","ألوان بودرة","النكهات والألوان","17","مواد رافعة ونكهات","high","ألوان البودرة ألوان غذائية/نكهات."
"115","عطور حلويات","النكهات والألوان","17","مواد رافعة ونكهات","high","عطور الحلويات من النكهات."
"116","مستخلصات","النكهات والألوان","17","مواد رافعة ونكهات","high","المستخلصات الغذائية من النكهات."
"117","زعفران","النكهات والألوان","17","مواد رافعة ونكهات","high","الزعفران منكّه مستخدم في الأغذية."
"118","هيل","النكهات والألوان","17","مواد رافعة ونكهات","high","الهيل منكّه/بهار غذائي."
"119","قرفة","النكهات والألوان","17","مواد رافعة ونكهات","high","القرفة منكّه/بهار غذائي."
"120","كمون","النكهات والألوان","17","مواد رافعة ونكهات","low","الكمون بهار عام وليس خاصاً بالحلويات؛ البدائل: 18 للإضافات، 13 للمواد الأولية."
"121","ينسون","النكهات والألوان","17","مواد رافعة ونكهات","medium","اليانسون منكّه/بهار غذائي؛ البديل 18 للإضافات."
"122","سماق","النكهات والألوان","17","مواد رافعة ونكهات","low","السماق بهار مالح لا يظهر له قسم مناسب؛ البدائل: 18 للإضافات، 13 للمواد الأولية."
"123","زعتر","النكهات والألوان","17","مواد رافعة ونكهات","low","الزعتر بهار مالح ولا توجد فئة بهارات عامة؛ البدائل: 18 للإضافات، 13 للمواد الأولية."
"124","كركم","النكهات والألوان","17","مواد رافعة ونكهات","medium","الكركم بهار/منكّه غذائي؛ البديل 18 للإضافات."
"125","ملح ليمون","النكهات والألوان","17","مواد رافعة ونكهات","low","ملح الليمون حمض/مكوّن لا نكهة بوضوح؛ البدائل: 13 للمواد الأولية، 18 للإضافات."
"126","بسكويت لوتس","مستلزمات الكيك والحلويات","18","مكسرات وإضافات","high","بسكويت لوتس إضافة/مكوّن حلويات."
"127","بسكويت أوريو","مستلزمات الكيك والحلويات","18","مكسرات وإضافات","high","بسكويت أوريو إضافة/مكوّن حلويات."
"128","بسكويت أصابع","مستلزمات الكيك والحلويات","18","مكسرات وإضافات","high","بسكويت الأصابع إضافة/مكوّن حلويات."
"129","بسكويت فنجر","مستلزمات الكيك والحلويات","18","مكسرات وإضافات","high","بسكويت فنجر إضافة/مكوّن حلويات."
"130","كرز أحمر","مستلزمات الكيك والحلويات","18","مكسرات وإضافات","high","الكرز الأحمر إضافة فاكهة للحلويات."
"131","فواكه مشكلة","مستلزمات الكيك والحلويات","18","مكسرات وإضافات","high","الفواكه المشكلة إضافة للحلويات."
"132","عجين كنافة","العجائن والمخبوزات","13","المواد الأولية","low","عجين الكنافة منتج عجين شبه جاهز ولا توجد فئة عجائن؛ البدائل: 18 للإضافات، 1 للمستلزمات العامة."
"133","عجين تمر","العجائن والمخبوزات","13","المواد الأولية","low","عجين التمر منتج نصف جاهز ولا توجد فئة عجائن؛ البدائل: 18 للإضافات، 1 للمستلزمات العامة."
"134","علب كيك","التغليف والعلب","8","علب الكيك","high","علب الكيك تطابق علب الكيك."
"135","علب حلويات","التغليف والعلب","7","مستلزمات التغليف","medium","علب الحلويات ليست بالضرورة علب كيك؛ البديل 8 إذا كانت مخصصة للكيك."
"136","علب بسبوسة","التغليف والعلب","7","مستلزمات التغليف","high","علب البسبوسة تغليف/علب وليست علب كيك تحديداً."
"137","علب ورق عنب","التغليف والعلب","7","مستلزمات التغليف","high","علب ورق العنب تغليف غذائي عام."
"138","علب لقيمات","التغليف والعلب","7","مستلزمات التغليف","high","علب اللقيمات تغليف/علب."
"139","أكياس كريمة","الحليب ومشتقاته","4","كريمة وتزيين","low","أكياس الكريمة غالباً أكياس تزيين، لكن الاسم قد يعني أكياس تعبئة؛ البديل: 9 لأكياس التغليف."
"140","أكياس تغليف","التغليف والعلب","9","أكياس التغليف","high","أكياس التغليف تطابق أكياس التغليف."
"141","كراتين","التغليف والعلب","7","مستلزمات التغليف","high","الكراتين تغليف عام؛ لا يحدد الاسم علب الكيك."
"142","قواعد كيك","مستلزمات الكيك والحلويات","5","قوالب وأدوات تشكيل","medium","قواعد الكيك أقرب لأدوات/تشكيل الكيك؛ البديل 4 إذا كانت قواعد تقديم/تزيين."
"143","ورق زبدة","مستلزمات الكيك والحلويات","10","أوراق التغليف","high","ورق الزبدة ورق تغليف/خبز."
"144","ورق سكر","مستلزمات الكيك والحلويات","4","كريمة وتزيين","high","ورق السكر مستلزم تزيين صالح للأكل."
"145","ورق ويفر","مستلزمات الكيك والحلويات","4","كريمة وتزيين","medium","ورق الويفر غالباً أوراق تزيين؛ البديل 10 إذا قصد به ورق تغليف."
"146","ألمنيوم","التغليف والعلب","10","أوراق التغليف","high","الألمنيوم المستخدم في التغليف يطابق أوراق التغليف."
"147","سلوفان","التغليف والعلب","10","أوراق التغليف","high","السلوفان ورق/غلاف تغليف."
"148","رول تغليف","التغليف والعلب","10","أوراق التغليف","high","رول التغليف مادة تغليف ورقية/لفائف."
"149","رؤوس تزيين","مستلزمات الكيك والحلويات","4","كريمة وتزيين","high","رؤوس التزيين تطابق كريمة وتزيين."
"150","ورق ذهب","مستلزمات الكيك والحلويات","4","كريمة وتزيين","high","ورق الذهب للأكل/التزيين أقرب لمستلزمات التزيين."
"151","لولو كرات","مستلزمات الكيك والحلويات","4","كريمة وتزيين","high","اللولو كرات رشّات/زينة للحلويات."
"152","فرمسلي","مستلزمات الكيك والحلويات","4","كريمة وتزيين","high","الفرمسلي رشّات/زينة للحلويات."
"153","حبر طابعة","مستلزمات الكيك والحلويات","4","كريمة وتزيين","low","حبر الطابعة قد يكون حبراً غذائياً لطباعة الزينة أو حبراً عادياً؛ البدائل: 11 لمستلزمات الملصقات، 1 للمستلزمات العامة."
"154","رشات لولو","مستلزمات الكيك والحلويات","4","كريمة وتزيين","high","رشات اللولو زينة للحلويات."
"155","ماء ورد","مستلزمات الكيك والحلويات","17","مواد رافعة ونكهات","high","ماء الورد منكّه غذائي."
"156","ماء زهر","مستلزمات الكيك والحلويات","17","مواد رافعة ونكهات","high","ماء الزهر منكّه غذائي."
"157","خل","مستلزمات الكيك والحلويات","17","مواد رافعة ونكهات","low","الخل مكوّن غذائي لكن صلته بالنكهات غير مؤكدة؛ البدائل: 13 للمواد الأولية، 18 للإضافات."
"158","كاتشب","مستلزمات الكيك والحلويات","18","مكسرات وإضافات","low","الكاتشب صوص غذائي لا يوجد له قسم صوصات؛ البدائل: 13 للمواد الأولية، 1 للمستلزمات العامة."
"159","مايونيز","مستلزمات الكيك والحلويات","18","مكسرات وإضافات","low","المايونيز صوص غذائي لا توجد له فئة صوصات؛ البدائل: 13 للمواد الأولية، 1 للمستلزمات العامة."
"160","صوص بيتزا","مستلزمات الكيك والحلويات","18","مكسرات وإضافات","low","صوص البيتزا ليس للحلويات ولا توجد فئة صوصات؛ البدائل: 13 للمواد الأولية، 1 للمستلزمات العامة."
"161","صوص حار","مستلزمات الكيك والحلويات","18","مكسرات وإضافات","low","الصوص الحار ليس للحلويات ولا توجد فئة صوصات؛ البدائل: 13 للمواد الأولية، 1 للمستلزمات العامة."
"172","مواد أخرى","مستلزمات الكيك والحلويات","1","مستلزمات الكيك","low","«مواد أخرى» اسم عام لا يحدد نوع المنتج؛ البدائل: 13 للمواد الأولية، 18 للإضافات. يلزم تحديد المقصود من المالك."
"183","خليط كيك اسفنجى شكلاتة","مستلزمات الكيك والحلويات","3","خلطات الكيك","high","خليط الكيك الإسفنجي بالشوكولاتة يطابق خلطات الكيك."
"184","قوالب كيك دائرية","مستلزمات الكيك والحلويات","5","قوالب وأدوات تشكيل","high","قالب الكيك الدائري أداة تشكيل."
"185","قوالب كيك مربعة","مستلزمات الكيك والحلويات","5","قوالب وأدوات تشكيل","high","قالب الكيك المربع أداة تشكيل."
"186","قوالب كيك مستطيلة","مستلزمات الكيك والحلويات","5","قوالب وأدوات تشكيل","high","قالب الكيك المستطيل أداة تشكيل."
"187","ورق كيك","مستلزمات الكيك والحلويات","10","أوراق التغليف","medium","ورق الكيك ورق خبز/تغليف؛ البديل 5 إذا كان المقصود بطانات قوالب جاهزة."
"190","دخن","المواد الأساسية","14","دقيق وسكر","medium","الدخن حبوب تُطحن/تستخدم كمادة أساسية؛ البديل 18 للإضافات."
"191","شعير","المواد الأساسية","14","دقيق وسكر","medium","الشعير من الحبوب/الدقيق؛ البديل 18 للإضافات."
